time,id,state,mean,covar
2021-01-22 18:23:22.373343,941ced18-74af-401b-a3f0-2ce29b8d59ba,-135.38321649945271 -42.184493386724355 1794.1121450212206 -4.118766208555256 8078.405492968918 29.911457941407413,-135.38321649945271 -42.184493386724355 1794.1121450212206 -4.118766208555256 8078.405492968918 29.911457941407413,3625.4193756968884 1088.4767799882231 260.31651715714906 79.34733286443227 -1078.2100841842237 -287.9861909392935 1088.4767799882234 436.1475189870368 98.32985940308826 29.56937578329445 -526.3695998547868 -123.97216053905768 260.31651715714906 98.32985940308826 90.98525880588741 22.315774882482614 -269.1478115464556 -82.60702741423093 79.34733286443227 29.569375783294454 22.315774882482614 10.934989483541198 -71.87064704951919 -25.643246885874518 -1078.210084184224 -526.3695998547868 -269.1478115464556 -71.87064704951919 7468.08133811522 2720.7152972552312 -287.9861909392935 -123.97216053905767 -82.60702741423093 -25.643246885874515 2720.7152972552312 1097.2052963901747
